{"connectome": [{"steps": [186, 190, 203, 290, 196, 188, 245, 201, 213, 216, 202, 191, 211, 258, 223, 203, 186, 195, 191, 197], "rewards": [307.9451756825396, 311.26795973982496, 325.61392231945575, 177.20398488654982, 318.40418161216905, 309.82707176306815, 367.6373032003565, 323.57870021616674, 336.1823232174432, 337.6900630034437, 323.67853016231606, 311.81220917376686, 334.2685914946284, 382.1682287726258, 346.10244947188966, 325.63358260695964, 306.90872018051647, 318.4885583661494, 312.7330750926445, 319.442008471035], "early_steps": 213.0, "late_steps": 194.4, "improvement": -18.599999999999994, "mean_steps": 209.25, "mean_reward": 319.8293319716775}, {"steps": [207, 202, 200, 222, 207, 240, 214, 213, 173, 277, 197, 202, 206, 217, 193, 207, 182, 193, 222, 232], "rewards": [329.6879415884537, 323.90944181838665, 322.97938123233195, 343.4497816827188, 329.28988448262703, 362.9492795344634, 337.0960760968894, 336.6382408324773, 294.02851159648753, 399.1811953742986, 319.9693097433596, 325.57180002140944, 328.6472818959964, 339.3647117185788, 314.3940701733731, 328.68958559730544, 303.27578593368406, 314.49258954252434, 343.6830642191986, 356.07576089385213], "early_steps": 207.6, "late_steps": 207.2, "improvement": -0.4000000000000057, "mean_steps": 210.3, "mean_reward": 332.66868469892086}, {"steps": [248, 199, 210, 226, 236, 207, 328, 238, 225, 207, 209, 196, 208, 206, 212, 219, 232, 209, 225, 210], "rewards": [371.71982336361236, 320.92897550025134, 333.40864941919534, 347.86403058948036, 359.0525260008322, 329.13788685650235, 451.733011880304, 360.25763857141817, 348.2826563840518, 328.3435513958208, 332.2571651121256, 317.5170843816897, 331.19885260899514, 328.3379924360756, 334.386065332769, 340.88455203459836, 355.76071334264685, 330.79369110638453, 348.2631871234309, 332.1474388505999], "early_steps": 223.8, "late_steps": 219.0, "improvement": -4.800000000000011, "mean_steps": 222.5, "mean_reward": 345.11377461453924}, {"steps": [205, 179, 212, 204, 220, 181, 205, 206, 222, 303, 191, 247, 249, 199, 216, 208, 186, 181, 200, 227], "rewards": [328.24025172609356, 299.75891355596247, 333.4767986453266, 325.04509347451744, 342.77699350140193, 302.24504220640216, 326.5572343255481, 328.1917435987984, 344.1059908337276, 425.5018179711097, 312.6469813848053, 370.2427145338895, 372.789701732008, 321.00756182789365, 338.40583245423727, 329.6572961079606, 308.10150095820995, 301.4794816546654, 322.920005317839, 349.3653842336324], "early_steps": 204.0, "late_steps": 200.4, "improvement": -3.5999999999999943, "mean_steps": 212.05, "mean_reward": 334.1258170022015}, {"steps": [213, 202, 203, 214, 203, 187, 233, 213, 193, 192, 214, 216, 233, 227, 227, 200, 184, 222, 200, 191], "rewards": [335.4544206657542, 323.23810236865813, 325.1099808767335, 337.7895311057062, 325.5210972673163, 308.28282153213394, 356.5630100327918, 335.68975430162016, 314.56729484334437, 314.2849912051256, 335.9251935476492, 338.6986282750918, 355.938222897564, 349.9893648977348, 348.950093185119, 320.78890558192734, 306.22591149719136, 343.84967643413233, 322.61948376890444, 312.53250233550625], "early_steps": 207.0, "late_steps": 199.4, "improvement": -7.599999999999994, "mean_steps": 208.35, "mean_reward": 330.60094933100027}], "random": [{"steps": [203, 211, 297, 192, 178, 192, 196, 175, 220, 198, 194, 187, 194, 206, 238, 200, 190, 202, 183, 202], "rewards": [325.46933745988713, 333.49420488669335, 420.56001534433335, 314.51071522650614, 299.76100604557024, 314.2241239501227, 318.4813915409433, 295.00019475988734, 342.6253990748792, 319.0705786055683, 316.5065520173257, 306.9108760888581, 315.9829163823846, 327.07687467544406, 361.0178717135557, 322.2121068082692, 310.8388075879948, 324.6408559149994, 305.4752899902906, 324.3148774181818], "early_steps": 216.2, "late_steps": 195.4, "improvement": -20.799999999999983, "mean_steps": 202.9, "mean_reward": 324.90869977458476}, {"steps": [180, 179, 193, 197, 228, 181, 180, 235, 203, 210, 194, 231, 187, 217, 172, 203, 194, 195, 198, 204], "rewards": [301.6839585448488, 300.7260042462405, 315.88923047645443, 318.998692122921, 351.26034393144266, 301.9288456808767, 301.25647208029295, 357.8467402517208, 324.53375130688585, 331.17509027533237, 316.78689417155636, 353.3431360820319, 308.24377149630556, 340.05135812861676, 293.49803575817475, 323.91479072769215, 316.834385561315, 317.8679979506746, 320.2230855154446, 325.85167369052573], "early_steps": 195.4, "late_steps": 198.8, "improvement": 3.4000000000000057, "mean_steps": 199.05, "mean_reward": 321.0957128999677}, {"steps": [200, 196, 201, 196, 183, 195, 212, 187, 191, 209, 199, 196, 211, 218, 213, 225, 232, 192, 189, 208], "rewards": [322.70118422656395, 316.96841611571335, 322.16445969108514, 317.4667067110608, 304.0837202770669, 316.7919570852835, 333.9555403148233, 309.54852770985315, 311.6297682746239, 330.88263381801806, 321.63709528259614, 318.2252942397205, 334.17807524420067, 341.4014714497743, 334.7515493935337, 348.6156378213336, 354.43655923533316, 313.85037564720227, 311.45639278348557, 329.3113885573089], "early_steps": 195.2, "late_steps": 209.2, "improvement": 14.0, "mean_steps": 202.65, "mean_reward": 324.702837693929}, {"steps": [392, 245, 200, 289, 206, 200, 235, 199, 192, 228, 232, 226, 219, 272, 224, 225, 259, 242, 231, 234], "rewards": [515.8762742839216, 368.3589758121759, 321.9800308754344, 411.99492204447773, 328.91220799535256, 321.79479437813984, 358.59542602234467, 321.95719863889644, 314.6811989207583, 350.14598464898415, 353.5072875548628, 348.87109103656286, 341.46272813688046, 395.5560418076511, 346.60791227651833, 347.6119305231478, 383.46196723508706, 365.0378276762128, 352.8629319387139, 355.89116726446815], "early_steps": 266.4, "late_steps": 238.2, "improvement": -28.19999999999999, "mean_steps": 237.5, "mean_reward": 360.25839495352955}, {"steps": [287, 208, 201, 227, 187, 178, 204, 205, 214, 205, 193, 174, 203, 251, 193, 208, 203, 183, 222, 178], "rewards": [172.94596103504497, 330.86659209886545, 323.6785250896324, 350.1232430340794, 309.39922969774483, 298.2714621220321, 325.40816167602185, 328.60201672793255, 337.93349149409954, 327.96359545583925, 315.45896809132415, 294.72571083527953, 325.6551356157378, 374.28678627087567, 313.85984368527284, 331.1196157485834, 324.8903390666044, 304.5166124689707, 345.96312308227425, 299.1374115432021], "early_steps": 222.0, "late_steps": 198.8, "improvement": -23.19999999999999, "mean_steps": 206.2, "mean_reward": 316.7402912419708}]}