{
  "connectome": {
    "cv": [
      0.0657186508178711,
      0.06583656370639801,
      0.06666822731494904,
      0.06623324006795883,
      0.06728705018758774,
      0.06556691229343414,
      0.06604154407978058,
      0.06602177023887634,
      0.06588929146528244,
      0.06548643857240677,
      0.06581605970859528,
      0.06567341089248657,
      0.06522528827190399,
      0.06545288115739822,
      0.06538398563861847
    ],
    "cond": [
      -9.443610906600952e-06,
      0.00010944530367851257,
      -0.00022888928651809692,
      -7.778406143188477e-06,
      -5.000084638595581e-05,
      -2.8889626264572144e-05,
      -5.389004945755005e-05,
      0.0001461133360862732,
      0.0001927800476551056,
      0.00017277896404266357,
      3.889203071594238e-06,
      -5.000084638595581e-05,
      6.221979856491089e-05,
      9.499862790107727e-05,
      -7.999688386917114e-05
    ],
    "discrim": [
      0.24,
      0.12,
      0.08,
      0.12,
      0.16,
      0.08,
      0.04,
      0.04,
      0.08,
      0.2,
      0.2,
      0.12,
      0.12,
      0.2,
      0.16
    ],
    "memory": [
      1.5068472508942317,
      0.0,
      -0.3815784452915374,
      0.0,
      0.0,
      1.7761167520646282,
      0.27358464756167794,
      0.0,
      0.0,
      0.0,
      0.5490185313361917,
      2.4705809688795752,
      2.1090870743869816,
      1.2333312777812153,
      1.4871775805415066
    ]
  },
  "random": {
    "cv": [
      0.06546125560998917,
      0.06553736329078674,
      0.06520328670740128,
      0.06562041491270065,
      0.06679590046405792,
      0.06535135954618454,
      0.06529143452644348,
      0.06590379774570465,
      0.06536594778299332,
      0.06663310527801514,
      0.06719554215669632,
      0.06550026684999466,
      0.0669335350394249,
      0.0653943121433258,
      0.0672144815325737
    ],
    "cond": [
      0.00011388584971427917,
      0.00010444596409797668,
      0.0001816675066947937,
      0.0001733340322971344,
      -6.444379687309265e-05,
      -2.3886561393737793e-05,
      1.333281397819519e-05,
      7.833167910575867e-05,
      -7.333233952522278e-05,
      -2.5000423192977905e-05,
      -0.00014777854084968567,
      -4.5552849769592285e-05,
      -0.00023000314831733704,
      4.6662986278533936e-05,
      -8.444488048553467e-05
    ],
    "discrim": [
      0.2,
      0.2,
      0.28,
      0.24,
      0.16,
      0.16,
      0.2,
      0.12,
      0.12,
      0.12,
      0.28,
      0.08,
      0.08,
      0.12,
      0.16
    ],
    "memory": [
      0.8585849913282831,
      0.0,
      0.0,
      1.8358181554953277,
      0.0,
      1.3999981333358593,
      1.399998250002257,
      0.0,
      1.5374980781274414,
      -0.11111069958985874,
      -1.0169474289025613,
      -0.19354807492254286,
      -2.2954493285240596,
      0.9626159227888209,
      -3.7777637860600803
    ]
  }
}