{
  "connectome": {
    "cv": [
      0.6821017423236543,
      0.6602234112630341,
      0.6688551141522568,
      0.6870320861653166,
      0.6850809221445796,
      0.6780969300407639,
      0.6543345696729462,
      0.6789390980239088,
      0.6817141874294351,
      0.6749964879832222,
      0.6798205394304926,
      0.6634712179363869,
      0.670993918487971,
      0.6697309736998149,
      0.6953306533436318
    ],
    "cond_slope": [
      -9.571418299206666e-06,
      3.5714424614395415e-06,
      -2.4285899209124703e-06,
      5.634920671582222e-06,
      -6.96824530937842e-06,
      4.90475379462753e-06,
      -2.3650936782360077e-06,
      1.299999255154814e-05,
      9.142853585737091e-06,
      1.0761884706360953e-05,
      -3.98414142962013e-06,
      4.269834607839584e-06,
      -5.396808098469462e-06,
      5.523817214582647e-06,
      -6.15874637982675e-06
    ],
    "cond_final": [
      -7.944437675178051e-05,
      -0.00010388880036771297,
      -4.8888963647186756e-05,
      -6.333342753350735e-05,
      -0.00010833342093974352,
      -6.72222813591361e-05,
      -7.611105684190989e-05,
      -5.556503310799599e-07,
      -5.4999953135848045e-05,
      -5.7222205214202404e-05,
      -3.50000336766243e-05,
      -0.00014500005636364222,
      -0.00016111100558191538,
      -4.999921657145023e-06,
      -0.00011166674084961414
    ],
    "discrim": [
      0.24,
      0.44,
      0.4,
      0.52,
      0.52,
      0.56,
      0.44,
      0.48,
      0.32,
      0.56,
      0.24,
      0.36,
      0.44,
      0.4,
      0.48
    ],
    "memory": [
      0.0,
      0.0,
      0.0,
      0.0,
      0.0,
      0.0,
      0.0,
      0.0,
      0.0,
      0.0,
      0.0,
      0.0,
      0.0,
      0.0,
      0.0
    ],
    "weight_change": [
      0.00860431045293808,
      0.00857637170702219,
      0.008601127192378044,
      0.008598526939749718,
      0.008581622503697872,
      0.00870081689208746,
      0.008587152697145939,
      0.008571579121053219,
      0.008657184429466724,
      0.008644799701869488,
      0.008597553707659245,
      0.008657282218337059,
      0.008624453097581863,
      0.008595461957156658,
      0.008632983081042767
    ]
  },
  "degree_preserving": {
    "cv": [
      0.6755580864003445,
      0.6634535325350358,
      0.6967816469148067,
      0.6532911663754025,
      0.7477374261727643,
      0.6979857903030443,
      0.69348733097191,
      0.6759557090561664,
      0.6755219054592578,
      0.6689036138874742,
      0.6734130840101483,
      0.6764720229536753,
      0.6683334776350968,
      0.6911256086615962,
      0.6879980049639521
    ],
    "cond_slope": [
      1.5952368266880514e-05,
      -7.952400483191014e-06,
      -1.4761595853737423e-06,
      1.222207876188415e-06,
      -2.0794038261686054e-06,
      -1.0920621986900058e-05,
      1.388891666595425e-05,
      1.0492063925734588e-05,
      -2.142853502716337e-06,
      -3.619056328066758e-06,
      -1.8031725526920386e-05,
      9.507955318050726e-06,
      -7.666624151170254e-06,
      -6.2222492748073166e-06,
      -5.84129842796496e-06
    ],
    "cond_final": [
      5.944445729255676e-05,
      0.00010833330452442169,
      6.111117545515299e-05,
      7.777765858918428e-05,
      0.00010611105244606733,
      7.500010542571545e-05,
      0.00014666665811091661,
      0.00011277780868113041,
      5.0555565394461155e-05,
      8.000002708286047e-05,
      4.388904199004173e-05,
      0.00014388898853212595,
      8.388899732381105e-05,
      8.555548265576363e-05,
      0.00015333329793065786
    ],
    "discrim": [
      0.6,
      0.52,
      0.64,
      0.56,
      0.4,
      0.4,
      0.76,
      0.56,
      0.36,
      0.4,
      0.48,
      0.24,
      0.28,
      0.52,
      0.52
    ],
    "memory": [
      0.8516035565721825,
      0.7828596107584719,
      0.7769230140143304,
      0.8480185689493176,
      0.7720290402563432,
      0.8003588335254523,
      0.8095047276753412,
      0.8253904024517102,
      0.8405731445971207,
      0.8562328611253082,
      0.7899920575262365,
      0.7980231372562838,
      0.7928117722780739,
      0.7502098446507267,
      0.7627751755068409
    ],
    "weight_change": [
      0.008520581759512424,
      0.008619341067969799,
      0.008713332936167717,
      0.008759197778999805,
      0.008857738226652145,
      0.00886442419141531,
      0.008736555464565754,
      0.008841745555400848,
      0.00873548537492752,
      0.008774843066930771,
      0.008726196363568306,
      0.008822092786431313,
      0.008808922953903675,
      0.008830763399600983,
      0.00897603016346693
    ]
  },
  "erdos_renyi": {
    "cv": [
      0.6528469242063494,
      0.7087947693974695,
      0.7069340256290391,
      0.6587755585915333,
      0.6595425217293561,
      0.6760975526125708,
      0.6790211652897143,
      0.6753803181588409,
      0.6980200808957194,
      0.6735188243791138,
      0.7105594448990284,
      0.681741926736384,
      0.6872626738928498,
      0.7050989872541408,
      0.683435213785396
    ],
    "cond_slope": [
      -8.539669215679168e-06,
      1.733331342360803e-05,
      -1.936459115573338e-06,
      -4.30158938148192e-06,
      1.9365056817020694e-06,
      1.1095258274248667e-05,
      -6.587291136384012e-06,
      5.650793069175311e-06,
      -3.015822065728052e-07,
      -7.253965096814292e-06,
      -2.0428550695734363e-05,
      1.055557347301926e-05,
      -1.1206325143575669e-05,
      -7.412699051201343e-06,
      5.571417776601655e-06
    ],
    "cond_final": [
      -4.0555489249527454e-05,
      0.000143333338201046,
      4.722236189991236e-05,
      -3.8888538256287575e-06,
      -2.7776695787906647e-06,
      2.388900611549616e-05,
      3.2222364097833633e-05,
      -1.3888929970562458e-05,
      -3.833335358649492e-05,
      2.4999957531690598e-05,
      -4.944449756294489e-05,
      3.722228575497866e-05,
      8.333357982337475e-06,
      6.0555641539394855e-05,
      8.500006515532732e-05
    ],
    "discrim": [
      0.36,
      0.44,
      0.28,
      0.24,
      0.28,
      0.24,
      0.56,
      0.36,
      0.32,
      0.68,
      0.64,
      0.44,
      0.4,
      0.52,
      0.4
    ],
    "memory": [
      0.774447868091707,
      0.84902135610239,
      0.7346837218691974,
      0.8436671071894957,
      0.8011610255286864,
      0.8027550654032478,
      0.8060878459878412,
      0.8028305707339609,
      0.7985610690070843,
      0.7644280415080754,
      0.7758361681641371,
      0.8002147368190401,
      0.8291430652495567,
      0.7350025315594643,
      0.8244745581613651
    ],
    "weight_change": [
      0.00781526230275631,
      0.007897090166807175,
      0.008070206269621849,
      0.007777856662869453,
      0.008159504272043705,
      0.00791798997670412,
      0.007881606929004192,
      0.007909579202532768,
      0.008050519041717052,
      0.007505918387323618,
      0.008103352971374989,
      0.007690920494496822,
      0.00782496016472578,
      0.007939414121210575,
      0.007976272143423557
    ]
  }
}