{
  "connectome": {
    "cv": [
      0.5641631266571339,
      0.561123130490858,
      0.5687084227243316,
      0.5589513838105381,
      0.5615051838122057,
      0.5548443710175224,
      0.5595068967790301,
      0.5638377785229909,
      0.555059402855584,
      0.5598499661843017,
      0.5685244441445539,
      0.5671348860887331,
      0.5659006557781274,
      0.5657841573546055,
      0.5596572923410471
    ],
    "cond_slope": [
      -1.8206238746643066e-05,
      -2.1333513515336177e-05,
      -2.04129410641534e-05,
      -1.0809195893151422e-05,
      -1.0349388633455548e-05,
      -1.7793849110603333e-05,
      -3.993601671286992e-05,
      -1.98886330638613e-05,
      -1.2206445847238814e-05,
      -1.839670751776014e-05,
      -8.82547880922045e-06,
      -9.476393461227416e-06,
      9.650949920926775e-06,
      5.381075399262564e-06,
      8.809779371534076e-06
    ],
    "cond_final": [
      -0.00010777637362480164,
      -3.444403409957886e-05,
      -0.00010277703404426575,
      -4.833191633224487e-05,
      -9.777769446372986e-05,
      -5.833432078361511e-05,
      -0.00017333216965198517,
      -0.00019444338977336884,
      -0.0001033339649438858,
      -7.722154259681702e-05,
      -8.111074566841125e-05,
      -6.888993084430695e-05,
      -7.444433867931366e-05,
      -6.16665929555893e-05,
      3.334134817123413e-06
    ],
    "discrim": [
      0.32,
      0.4,
      0.28,
      0.36,
      0.24,
      0.12,
      0.32,
      0.16,
      0.24,
      0.12,
      0.16,
      0.24,
      0.2,
      0.16,
      0.32
    ],
    "memory": [
      0.0,
      0.0,
      0.0,
      0.0,
      0.0,
      0.0,
      0.0,
      0.0,
      0.0,
      0.0,
      0.0,
      0.0,
      0.0,
      0.0,
      0.0
    ]
  },
  "random": {
    "cv": [
      0.5165786739799523,
      0.5146048353983583,
      0.5160991366399438,
      0.5012489089167167,
      0.5621255330413756,
      0.5315551751746247,
      0.5189559590789565,
      0.5154252450614154,
      0.5090137813974526,
      0.5118796033703222,
      0.532985166893563,
      0.5128215174937675,
      0.5240037673947536,
      0.514584626455717,
      0.5315465743705388
    ],
    "cond_slope": [
      1.7523978437696185e-05,
      3.491661378315517e-07,
      -1.2222038848059517e-05,
      -1.992072377886091e-05,
      -8.603398288999284e-06,
      -5.602943045752389e-06,
      -1.0777956673077173e-05,
      -4.301752362932478e-06,
      -1.865082553454808e-05,
      -4.3968537024089265e-06,
      -1.47459762437003e-05,
      1.5063530632427761e-05,
      -1.1079226221357072e-05,
      -1.4079415372439793e-05,
      -4.577791052205222e-05
    ],
    "cond_final": [
      0.0001116674393415451,
      0.00013444386422634125,
      0.00017055682837963104,
      8.66670161485672e-05,
      4.8333778977394104e-05,
      9.555555880069733e-05,
      4.610978066921234e-05,
      0.0001100003719329834,
      1.6666948795318604e-05,
      8.277781307697296e-05,
      0.00012833252549171448,
      0.00016833283007144928,
      7.944554090499878e-05,
      0.00010722316801548004,
      0.0001283343881368637
    ],
    "discrim": [
      0.6,
      0.36,
      0.6,
      0.08,
      0.48,
      0.4,
      0.24,
      0.4,
      0.4,
      0.4,
      0.56,
      0.44,
      0.52,
      0.32,
      0.32
    ],
    "memory": [
      1.3692782980173352,
      1.3450290431244087,
      1.2996676013730764,
      1.3318483545882194,
      1.4179685284424168,
      1.3527067909702553,
      1.354041713466811,
      1.3133378527398933,
      1.2519969132902093,
      1.4033544084098366,
      1.3656932312856616,
      1.2905684756493072,
      1.3500736558236859,
      1.3152887614793332,
      1.3575622088748596
    ]
  }
}