{"connectome": [268.3333333333333, 279.0, 273.6666666666667, 264.6666666666667, 279.6666666666667, 270.6666666666667, 265.6666666666667, 282.3333333333333, 258.3333333333333, 251.33333333333334], "random": [269.3333333333333, 295.0, 268.6666666666667, 284.6666666666667, 264.3333333333333, 289.3333333333333, 240.33333333333334, 272.6666666666667, 272.3333333333333, 268.3333333333333]}